id|id_str|source|geo|place|text|iso_language_code|retweet_count|retweeted|coordinates|favorited|favorite_count|truncated|created_at|urls|user_id|user_screen_name|user_url|user_profile_image_url|in_reply_to_user_id|in_reply_to_user_id_str|in_reply_to_status_id|in_reply_to_status_id_str|in_reply_to_screen_name
@wilchess26
512113350676086784|512113350676086784|Instagram|null|null|#aPartirDeAhoraSoyHipster #meParecioVerUnGatoVolador #Cali :') http://t.co/MkJE1qTrtO|und|0|False|null|True|1|False|2014-09-17 05:38:32|http://instagram.com/p/tCQDdlLTNC/|393819808|wilchess26|None|http://pbs.twimg.com/profile_images/3527411732/6cbc17c354f0dd985cf4f1c53b1a9ab8_normal.jpeg|None|None|None|None|None
510665846562500608|510665846562500608|Twitter for iPhone|null|null|@Christy080995 duhh... #EresPitucoSi usas Telegram|en|1|False|null|False|0|False|2014-09-13 05:46:4|393819808|wilchess26|None|http://pbs.twimg.com/profile_images/3527411732/6cbc17c354f0dd985cf4f1c53b1a9ab8_normal.jpeg|417379410|417379410|510490513318109184|510490513318109184|Christy080995
510350394716065792|510350394716065792|Twitter Web Client|null|null|RT @Christy080995: @wilchess26 jajajajaja que ? Tweepy?  #I'msexyandyouknowit ;) http://t.co/7LlZRSX3v8|in|1|True|null|True|0|False|2014-09-12 08:53:1|393819808|wilchess26|None|http://pbs.twimg.com/profile_images/3527411732/6cbc17c354f0dd985cf4f1c53b1a9ab8_normal.jpeg|None|None|None|None|None
510350253619687424|510350253619687424|Twitter Web Client|null|null|@Christy080995 jajajajaja #LoQueTuNoSabesEsQueTuHashTagNoVaASalir|es|0|False|null|False|0|False|2014-09-12 08:52:3|393819808|wilchess26|None|http://pbs.twimg.com/profile_images/3527411732/6cbc17c354f0dd985cf4f1c53b1a9ab8_normal.jpeg|417379410|417379410|510249012637614080|510249012637614080|Christy080995
510243220643921920|510243220643921920|Twitter Web Client|null|null|@Christy080995 #tomapaqueteenamoretweepy :P|und|0|False|null|False|0|False|2014-09-12 01:47:1|393819808|wilchess26|None|http://pbs.twimg.com/profile_images/3527411732/6cbc17c354f0dd985cf4f1c53b1a9ab8_normal.jpeg|417379410|417379410|None|None|Christy080995
510235572800323584|510235572800323584|Twitter Web Client|null|null|RT @Christy080995: #EmmysporWarner estudiar para el final exam o ver los emmys? , que opinas @wilchess26 ?|es|1|True|null|False|0|False|2014-09-12 01:16:5|393819808|wilchess26|None|http://pbs.twimg.com/profile_images/3527411732/6cbc17c354f0dd985cf4f1c53b1a9ab8_normal.jpeg|None|None|None|None|None
509422043415453696|509422043415453696|Twitter Web Client|null|null|#pardoschicken test tweepy prueba|en|0|False|null|False|0|False|2014-09-09 19:24:1|393819808|wilchess26|None|http://pbs.twimg.com/profile_images/3527411732/6cbc17c354f0dd985cf4f1c53b1a9ab8_normal.jpeg|None|None|None|None|None
507564971178590208|507564971178590208|Twitter Web Client|null|null|@Christy080995 wilchess26 mas naik nunca estudia|de|0|False|null|False|1|False|2014-09-04 16:24:5|393819808|wilchess26|None|http://pbs.twimg.com/profile_images/3527411732/6cbc17c354f0dd985cf4f1c53b1a9ab8_normal.jpeg|417379410|417379410|504087023066841088|504087023066841088|Christy080995
396115402826067968|396115402826067968|Twitter Web Client|null|null|Fina Estampa por @Pedro_Aznar para el #D√≠aDeLaM√∫sicaCriolla
http://t.co/x4ui5lop2g|es|0|False|null|False|0|False|2013-11-01 03:24:06|http://www.youtube.com/watch?v=Gh0SQT1yzo0|393819808|wilchess26|None|http://pbs.twimg.com/profile_images/3527411732/6cbc17c354f0dd985cf4f1c53b1a9ab8_normal.jpeg|None|None|None|None|None
328995765764648960|328995765764648960|Twitter Web Client|null|null|OMFCAT! You rock @Avi_Kaplan . Que buen bajo!
http://t.co/jQXhzRVfxw|en|0|False|null|False|0|False|2013-04-29 22:14:37|http://www.youtube.com/watch?v=HG_vsGC1e6U|393819808|wilchess26|None|http://pbs.twimg.com/profile_images/3527411732/6cbc17c354f0dd985cf4f1c53b1a9ab8_normal.jpeg|None|None|None|None|None
#FinaEstampa
512353683074318336|512353683074318336|Twitter Web Client|null|null|RT @MilenaHonorato: Vou comer algo e COME√áAR a estudar, porque quando come√ßar #finaestampa eu paro pra assistir, t√¥ adorando a novela (:|pt|1|False|null|False|0|False|2014-09-17 21:33:3|741232207|RafexC|None|http://pbs.twimg.com/profile_images/2475884784/312896_305411602804706_1216135429_n_normal.jpg|None|None|None|None|None
512298889261887488|512298889261887488|Twitter Web Client|null|null|@Sapa_Boi @HeloisaBento A @ana_carol_dias j√° trabalhou duas vezes na @RedeGlobo depois da Fazenda. Fez #FinaEstampa e agora #Imp√©rio|pt|0|False|null|False|1|False|2014-09-17 17:55:4|393658918|CallCenterFarm|https://t.co/XmZY0BBZXd|http://pbs.twimg.com/profile_images/512098855307866112/fUfPtFsP_normal.jpeg|1322914957|1322914957|512298609124323328|512298609124323328|Sapa_Boi
512083406881316864|512083406881316864|Twitter Web Client|null|null|RT @VanildaCampelo: Teresa Cristina surtou de vez #finaestampa|pt|1|False|null|False|0|False|2014-09-17 03:39:3|2783251579|piytimbeta6|None|http://pbs.twimg.com/profile_images/506251722935640064/ykQiAG01_normal.jpeg|None|None|None|None|None
512002121731166208|512002121731166208|Twitter Web Client|null|null|RT @NovelaLounge: #FelizCumplea√±os Carolina Dieckmann actriz de #LaGuerrera #FinaEstampa  #LazosDeFamilia ¬°Felicidades @cadieckmann! http:/‚Ä¶|pt|1|False|null|False|0|False|2014-09-16 22:16:3|2298120343|Teresynha_Braz|None|http://pbs.twimg.com/profile_images/512612097780232192/8Rp7cBEm_normal.jpeg|None|None|None|None|None
511996209179791360|511996209179791360|Twitter Web Client|null|null|#FelizCumplea√±os Carolina Dieckmann actriz de #LaGuerrera #FinaEstampa  #LazosDeFamilia ¬°Felicidades @cadieckmann! http://t.co/q2MpHdMMyo|pt|1|False|null|False|4|False|2014-09-16 21:53:0|35540597|NovelaLounge|http://t.co/2olIOpVNIU|http://pbs.twimg.com/profile_images/489306486426722304/eN0KCG_Y_normal.png|None|None|None|None|None
511945717523709953|511945717523709953|Twitter Web Client|null|null|#MercadoLibre #Pouch #Kawasaki #FinaEstampa http://t.co/ggJJRowkYw|und|0|False|null|False|0|False|2014-09-16 18:32:25|http://goo.gl/OknU3C|157335553|mdc28|http://t.co/eDpZr4ilQP|http://pbs.twimg.com/profile_images/477902390138769408/N7bxURE6_normal.jpeg|None|None|None|None|None
511590912862867456|511590912862867456|Twitter Web Client|null|null|#finaestampa @TELEMUNDO52 #NowWatching|und|0|False|null|False|0|False|2014-09-15 19:02:3|240027157|fomalo|None|http://pbs.twimg.com/profile_images/473614159402110976/zIywkZ_J_normal.jpeg|None|None|None|None|None
511390435156451328|511390435156451328|Twitter for Android|null|null|Racismo en ¬øQuer√©taro? Para nada. Hemos soportado por d√©cadas obreros prietitos en las f√°bricas y nadie ha muerto. #FinaEstampa, caballero.|es|0|False|null|False|0|False|2014-09-15 05:45:5|246151269|Miux03|http://t.co/lGqddCDVj2|http://pbs.twimg.com/profile_images/2930279256/df74bbde0d6600a3466598247ed61972_normal.jpeg|None|None|None|None|None
510981753729998848|510981753729998848|Twitter Web Client|null|null|RT @lnescrupulosa: "@Vilerroni: @Lilia_Cabral  a  Princesa  da Rede Globo desde  #FinaEstampa!!   que incrivel sua personagem em Imperio‚ô• p‚Ä¶|pt|1|False|null|False|0|False|2014-09-14 02:41:5|2737519123|Vilerroni|None|http://pbs.twimg.com/profile_images/512649287629418497/yWG55Fux_normal.png|None|None|None|None|None
510981628697788416|510981628697788416|Twitter for Android|null|null|"@Vilerroni: @Lilia_Cabral  a  Princesa  da Rede Globo desde  #FinaEstampa!!   que incrivel sua personagem em Imperio‚ô• parabens" rainha*|pt|1|False|null|False|0|False|2014-09-14 02:41:2|712919551|lnescrupulosa|None|http://pbs.twimg.com/profile_images/512089003969875968/sih6evty_normal.png|None|None|None|None|None
#tomapaqueteenamoretweepy
510243220643921920|510243220643921920|Twitter Web Client|null|null|@Christy080995 #tomapaqueteenamoretweepy :P|und|0|False|null|False|0|False|2014-09-12 01:47:1|393819808|wilchess26|None|http://pbs.twimg.com/profile_images/3527411732/6cbc17c354f0dd985cf4f1c53b1a9ab8_normal.jpeg|417379410|417379410|None|None|Christy080995
@pardoschicken
512430933769990144|512430933769990144|Twitter for Android|null|null|@vdelaguila @Chanfainito i Valent√≠n! Gracias por tu preferencia. Un enorme saludo para todos tus amigos ;)|es|0|False|null|False|1|False|2014-09-18 02:40:2|26059301|pardoschicken|http://t.co/1xmATcbq3h|http://pbs.twimg.com/profile_images/465874459006488576/nzDiteIk_normal.jpeg|168784473|168784473|512412732751364096|512412732751364096|vdelaguila
512040296788791297|512040296788791297|Twitter for Android|null|null|@lapekeperu Hola Lissette, lamentamos lo que nos comentas por favor ind√≠canos por DM tu n√∫mero de tel√©fono y el nombre del restaurante..|es|0|False|null|False|0|False|2014-09-17 00:48:1|26059301|pardoschicken|http://t.co/1xmATcbq3h|http://pbs.twimg.com/profile_images/465874459006488576/nzDiteIk_normal.jpeg|149322339|149322339|512032658432745472|512032658432745472|lapekeperu
511358913225433088|511358913225433088|Twitter for Android|null|null|@_lorenicar iLorena! Agradecemos mucho tu preferencia, que tengas una gran semana ;)|es|0|False|null|False|0|False|2014-09-15 03:40:4|26059301|pardoschicken|http://t.co/1xmATcbq3h|http://pbs.twimg.com/profile_images/465874459006488576/nzDiteIk_normal.jpeg|2796500082|2796500082|511342930121220098|511342930121220098|_lorenicar
511260185059667968|511260185059667968|Twitter Web Client|null|null|@YurikitoKSP @ChuChu_LinD ¬°Yuriko! Buen provecho, que lo disfrutes ;)|es|1|False|null|False|1|False|2014-09-14 21:08:2|26059301|pardoschicken|http://t.co/1xmATcbq3h|http://pbs.twimg.com/profile_images/465874459006488576/nzDiteIk_normal.jpeg|313411160|313411160|511257054791888896|511257054791888896|YurikitoKSP
511243048664453120|511243048664453120|Twitter Web Client|null|null|@bela21p ¬°Isa! Gracias por tu preferencia, un saludo enorme para toda tu familia, ¬°Un abrazo! ;)|es|1|False|null|False|1|False|2014-09-14 20:00:1|26059301|pardoschicken|http://t.co/1xmATcbq3h|http://pbs.twimg.com/profile_images/465874459006488576/nzDiteIk_normal.jpeg|41747611|41747611|511241694705369088|511241694705369088|bela21p
511028209778171904|511028209778171904|Twitter for Android|null|null|@Dkrli iAgradecemos mucho tu preferencia! Que tengas un hermoso fin de semana ;)|es|0|False|null|False|0|False|2014-09-14 05:46:3|26059301|pardoschicken|http://t.co/1xmATcbq3h|http://pbs.twimg.com/profile_images/465874459006488576/nzDiteIk_normal.jpeg|134583737|134583737|510989685716680704|510989685716680704|Dkrli
510953841429594112|510953841429594112|Twitter for Android|null|null|@Muri_av iMuriel! Gracias por tu preferencia, esperamos nuevamente tu visita ;)|es|0|False|null|False|0|False|2014-09-14 00:51:0|26059301|pardoschicken|http://t.co/1xmATcbq3h|http://pbs.twimg.com/profile_images/465874459006488576/nzDiteIk_normal.jpeg|26426918|26426918|510941361731010560|510941361731010560|Muri_av
510850783332827136|510850783332827136|Twitter Web Client|null|null|@Cezzyreyes Agradecemos mucho tu preferencia, que tengas un excelente fin de semana ;)|es|0|False|null|False|0|False|2014-09-13 18:01:3|26059301|pardoschicken|http://t.co/1xmATcbq3h|http://pbs.twimg.com/profile_images/465874459006488576/nzDiteIk_normal.jpeg|48506442|48506442|510847308100296704|510847308100296704|Cezzyreyes
510848659677016065|510848659677016065|Twitter Web Client|null|null|@PamelaYuliana ¬°Pamela! Gracias por visitarnos, que tengas un gran d√≠a. ¬°Un abrazo para tu familia! :)|es|1|False|null|False|1|False|2014-09-13 17:53:0|26059301|pardoschicken|http://t.co/1xmATcbq3h|http://pbs.twimg.com/profile_images/465874459006488576/nzDiteIk_normal.jpeg|178558915|178558915|510846122227933184|510846122227933184|PamelaYuliana
510844765676769280|510844765676769280|Twitter Web Client|null|null|@_lorenicar los siguientes datos por DM, n√∫mero de tel√©fono y el nombre del restaurante que te brindo el servicio. Esperamos tu mensaje.|es|0|False|null|False|0|False|2014-09-13 17:37:3|26059301|pardoschicken|http://t.co/1xmATcbq3h|http://pbs.twimg.com/profile_images/465874459006488576/nzDiteIk_normal.jpeg|2796500082|2796500082|510637103575625728|510637103575625728|_lorenicar
#pardoschicken
511347448145788928|511347448145788928|Instagram|null|null|Previas a su cumplea√±oosüéâüíÅ #sister #pardoschicken #tomorrow #bdaygirl http://t.co/41lOLee9aH|es|0|False|null|False|0|False|2014-09-15 02:55:06|http://instagram.com/p/s8zwwxrBWj/|491632266|SuzethAle|http://t.co/bJyjBUERKy|http://pbs.twimg.com/profile_images/511599495738834944/ultwWmyk_normal.jpeg|None|None|None|None|None
511346318493896705|511346318493896705|Twitter for iPhone|null|null|Iniciar la dieta en #ChinaWok y terminarla en #PardosChicken y eso que no han pasado ni 48 horas üôàüôâüôä|es|0|False|null|False|0|False|2014-09-15 02:50:3|104633571|KCuadradoJB|None|http://pbs.twimg.com/profile_images/486401458867539968/N736XV4X_normal.jpeg|None|None|None|None|None
510632218096832512|510632218096832512|Instagram|null|null|Nos dio flojera ir, as√≠ que delivery nom√°s. #PardosChicken #PolloAlaBrasa #Grasa #Gordos http://t.co/KvwF6tdAhQ|es|0|False|null|False|1|False|2014-09-13 03:33:02|http://instagram.com/p/s3ugyJhbDu/|147066408|gongeDP|http://t.co/NwR2xaXfoT|http://pbs.twimg.com/profile_images/378800000791470885/e0acf37906be008805ba4186ba7ab04a_normal.jpeg|None|None|None|None|None
510440256664244224|510440256664244224|Tumblr|null|null|Foto: love-laugh-live-s2: Yummmy üç¥ #anticuchos #peruvian #food #lunch #pardoschicken #larcomar http://t.co/BtmtOGsAA9|en|0|False|null|False|0|False|2014-09-12 14:50:15|http://tmblr.co/ZRdcwu1QdlFEa|722959326|rainbowasi|http://t.co/ae6RyCekeZ|http://pbs.twimg.com/profile_images/489814223686356994/i9wARxSI_normal.png|None|None|None|None|None
509780389762985985|509780389762985985|Foursquare|null|null|Cumple de Giova #PardosChicken (@ OTES S.A. in San Isidro, Lima) https://t.co/53U2khDs0h|es|0|False|null|False|0|False|2014-09-10 19:08:10|https://www.swarmapp.com/keel_rs/checkin/5410a19a498e11bd97fb98c2?s=dA94eoiLrAKfTaFygI6cPUdJcaw&ref=tw|100640220|KeeL_RS|http://t.co/Crz8mfeVhJ|http://pbs.twimg.com/profile_images/378800000448450843/917f42789610f42fa8c8ef4b41eaa1e5_normal.jpeg|None|None|None|None|None
#pardosperu
#quericopollo
@starbucks
512648595258892288|512648595258892288|Hootsuite|null|null|@AnthonyLaRosa So sorry! Email twittercustomerservice@starbucks.com (store info: http://t.co/DySiRF4PjB). We'll make it up to you.|en|0|False|null|False|2|False|2014-09-18 17:05:24|http://ow.ly/BEvTW|30973|Starbucks|http://t.co/igQlxf98zi|http://pbs.twimg.com/profile_images/378800000609967087/e2d47eea47025ad0d75939f12390648a_normal.jpeg|41024000|41024000|512613190988218368|512613190988218368|AnthonyLaRosa
512647195246358528|512647195246358528|Hootsuite|null|null|@Itskaymarie_ That's not good to hear, pls email twittercustomerservice@starbucks.com w/ details (store info: http://t.co/7u5NRsTefP) Sorry!|en|1|False|null|False|2|False|2014-09-18 16:59:50|http://ow.ly/BEv90|30973|Starbucks|http://t.co/igQlxf98zi|http://pbs.twimg.com/profile_images/378800000609967087/e2d47eea47025ad0d75939f12390648a_normal.jpeg|453486830|453486830|512578245217488897|512578245217488897|Itskaymarie_
512646822381514752|512646822381514752|Hootsuite|null|null|@alicemthornton We want to find out what happened. Pls send your contact info &amp; details to twittercustomerservice@starbucks.com. Apologies!|en|0|False|null|False|2|False|2014-09-18 16:58:2|30973|Starbucks|http://t.co/igQlxf98zi|http://pbs.twimg.com/profile_images/378800000609967087/e2d47eea47025ad0d75939f12390648a_normal.jpeg|15717438|15717438|512616838745059328|512616838745059328|alicemthornton
512644995472715776|512644995472715776|Hootsuite|null|null|@Samanthamonize We're concerned- pls email details to twittercustomerservice@starbucks.com (store info: http://t.co/0Jvu8iWZwg). Apologies.|en|1|False|null|False|3|False|2014-09-18 16:51:06|http://ow.ly/BEtOv|30973|Starbucks|http://t.co/igQlxf98zi|http://pbs.twimg.com/profile_images/378800000609967087/e2d47eea47025ad0d75939f12390648a_normal.jpeg|299693104|299693104|512594563987697664|512594563987697664|Samanthamonize
512644715423215616|512644715423215616|Hootsuite|null|null|@KellijoJordan Oh no! We want to make it right- pls email details (http://t.co/eWAL636Bva) to twittercustomerservice@starbucks.com. Sorry.|en|0|False|null|False|1|False|2014-09-18 16:49:59|http://ow.ly/BEtCg|30973|Starbucks|http://t.co/igQlxf98zi|http://pbs.twimg.com/profile_images/378800000609967087/e2d47eea47025ad0d75939f12390648a_normal.jpeg|377013228|377013228|512569027357863937|512569027357863937|KellijoJordan
512644015716462596|512644015716462596|Hootsuite|null|null|@meg__kraft So sorry! Email twittercustomerservice@starbucks.com (store info: http://t.co/feCL35kL2o). We'll make it up to you.|en|0|False|null|False|2|False|2014-09-18 16:47:12|http://ow.ly/BEt3p|30973|Starbucks|http://t.co/igQlxf98zi|http://pbs.twimg.com/profile_images/378800000609967087/e2d47eea47025ad0d75939f12390648a_normal.jpeg|191158218|191158218|512572364694228992|512572364694228992|meg__kraft
512643394678448128|512643394678448128|Hootsuite|null|null|@amart23_  We want to make it right- pls email details (http://t.co/XcHkI349wF) to twittercustomerservice@starbucks.com. Sorry.|en|0|False|null|False|3|False|2014-09-18 16:44:44|http://ow.ly/BEsAU|30973|Starbucks|http://t.co/igQlxf98zi|http://pbs.twimg.com/profile_images/378800000609967087/e2d47eea47025ad0d75939f12390648a_normal.jpeg|29242207|29242207|512611091923632128|512611091923632128|amart23_
512643203355246592|512643203355246592|Hootsuite|null|null|@ellencourtney That's no good at all - pls email details to twittercustomerservice@starbucks.com and we'll make it up to you. Sorry!|en|0|False|null|False|2|False|2014-09-18 16:43:5|30973|Starbucks|http://t.co/igQlxf98zi|http://pbs.twimg.com/profile_images/378800000609967087/e2d47eea47025ad0d75939f12390648a_normal.jpeg|28489995|28489995|512610003211915264|512610003211915264|ellencourtney
512642696964751360|512642696964751360|Hootsuite|null|null|@BombayBurrito We're concerned- pls email details to twittercustomerservice@starbucks.com (store info: http://t.co/vsdVheBNZe). Apologies.|en|0|False|null|False|2|False|2014-09-18 16:41:58|http://ow.ly/BEs6R|30973|Starbucks|http://t.co/igQlxf98zi|http://pbs.twimg.com/profile_images/378800000609967087/e2d47eea47025ad0d75939f12390648a_normal.jpeg|540804978|540804978|512605835219189760|512605835219189760|BombayBurrito
512642299415633920|512642299415633920|Hootsuite|null|null|@paulschreiber Please call us at 1-800-782-7282 - and we'll follow up. Thank you!|en|0|False|null|False|1|False|2014-09-18 16:40:2|30973|Starbucks|http://t.co/igQlxf98zi|http://pbs.twimg.com/profile_images/378800000609967087/e2d47eea47025ad0d75939f12390648a_normal.jpeg|409493|409493|512598452124286977|512598452124286977|paulschreiber
#starbucksperu
510512114193424384|510512114193424384|Instagram|null|null|Desayuno #StarbucksPeru #Lima http://t.co/OeJmZRTtk8|es|0|False|null|False|0|False|2014-09-12 19:35:47|http://instagram.com/p/rcOPgEAeCq/|297032917|FiorellaMarquez|None|http://pbs.twimg.com/profile_images/3068516153/da4bacf803a170ef1be897b66b9e07d0_normal.jpeg|None|None|None|None|None
#chillin
512673277194412032|512673277194412032|Twitter for iPhone|null|null|Airport Valium is the best Valium. #chillin|en|0|False|null|False|0|False|2014-09-18 18:43:2|142671002|JoeCarl_AS|http://t.co/1lcfgpobpQ|http://pbs.twimg.com/profile_images/507086717333942272/BcooQHNC_normal.jpeg|None|None|None|None|None
512673207610920961|512673207610920961|Instagram|null|null|#chillin #killin #butnovillin #hashtag #dontlookweretocool #nolaura #laurasphonetho‚Ä¶ http://t.co/7oRlL2v1Oy|und|0|False|null|False|0|False|2014-09-18 18:43:12|http://instagram.com/p/tGOpYgkmTZ/|1946826205|Laurakern97|None|http://pbs.twimg.com/profile_images/478499771926056960/IZ695bmY_normal.jpeg|None|None|None|None|None
512673199935352832|512673199935352832|Twitter for iPhone|null|null|1v1 with my boy. Tamang sabay sa ulan @ocampogi13 üòåüçª #ginbulag #chillin http://t.co/RSwcIRq4iu|tl|0|False|null|False|0|False|2014-09-18 18:43:1|620003484|_chichayariv|None|http://pbs.twimg.com/profile_images/510115701814595584/wpYI0KIG_normal.jpeg|None|None|None|None|None
512673175067303938|512673175067303938|iOS|null|null|@Goat_Geek @touchednut power of the nerds‚úåÔ∏èüòã‚úåÔ∏è #APPhysics #mybesties #chillin #3rdhour http://t.co/0h0tCSZA75|en|0|False|null|False|0|False|2014-09-18 18:43:0|480918934|_BraveCookie_|None|http://pbs.twimg.com/profile_images/507752171514109952/l2oQvc-a_normal.jpeg|17179924|17179924|None|None|Goat_Geek
512672893067468800|512672893067468800|Twitter Web Client|null|null|Cuanta paz en un solo tema #SunSong #LauraVeirs #chillin #work #jueves|es|0|False|null|False|0|False|2014-09-18 18:41:5|243555189|teijo23|None|http://pbs.twimg.com/profile_images/439895580244856832/XjD29jKn_normal.jpeg|None|None|None|None|None
512672285824942080|512672285824942080|Instagram|null|null|Just #chillin at the laundromat #pittylove #pitbullfam #bullieslove http://t.co/8o4As86Zcu|en|0|False|null|False|0|False|2014-09-18 18:39:32|http://instagram.com/p/tGOOnXo0-C/|26575354|High5Ali|http://t.co/TS3rIWR8kV|http://pbs.twimg.com/profile_images/471697596168540160/mb-Rr_oT_normal.jpeg|None|None|None|None|None
512671622902198272|512671622902198272|Instagram|null|null|Green with Envy! #funkysocks #armygreen #zigzag #sockselfie #chillin #sockcrazy #sockarmy #socknation‚Ä¶ http://t.co/ar6EaZ6Trq|en|0|False|null|False|0|False|2014-09-18 18:36:54|http://instagram.com/p/tGN7R5vSXh/|41642356|PlanetSox|http://t.co/6Yn5P23tIj|http://pbs.twimg.com/profile_images/497233455563145216/Zmra_Mhs_normal.jpeg|None|None|None|None|None
512670984093302784|512670984093302784|Instagram|null|null|# beachbehavior #Jamaica #chillin #guessillpostapictoday #travelandgetpaid # teamvacation #missmyhubby‚Ä¶ http://t.co/s7DeIqhP6D|en|0|False|null|False|0|False|2014-09-18 18:34:22|http://instagram.com/p/tGNouiSANE/|100512037|BlacqueBeautie|None|http://pbs.twimg.com/profile_images/469162697271951361/w373ouPq_normal.jpeg|None|None|None|None|None
512670714617266177|512670714617266177|Instagram|null|null|Tanzy Hosts!! #servinface 
#westwood #westcoast #chillin #workflow #shades 
more85liz @ Tanzy Westwood http://t.co/22XI3yOszs|en|0|False|null|False|0|False|2014-09-18 18:33:17|http://instagram.com/p/tGNg1KRDJs/|384350901|LaidlerC89|http://t.co/PXv7ITfgCn|http://pbs.twimg.com/profile_images/499806483152793600/Idr9LY1D_normal.jpeg|None|None|None|None|None
512670411872423936|512670411872423936|Twitter for iPhone|null|null|Chilling in my car, waiting for the boyfriend to be done work &amp; listening to Dave and Chuck the freak podcast! #chillin #windsor #dave&amp;chuck|en|0|False|null|False|0|False|2014-09-18 18:32:0|858885086|LeeAnne_Lamont|None|http://pbs.twimg.com/profile_images/492045224827297792/f6LT7s3i_normal.jpeg|None|None|None|None|None
@mundolightvzla
348456970568744960|348456970568744960|iOS|null|null|¬øD√≥nde est√° mi Perry? por Disney https://t.co/h607jBDs7y|es|0|False|null|False|0|False|2013-06-22 15:06:30|https://itun.es/ve/_7oHF.i|525410477|mundolightvzla|None|http://pbs.twimg.com/profile_images/1898827680/logo_mundo_light_normal.png|None|None|None|None|None
238826619874181120|238826619874181120|Twitter for iPad|null|null|RT @marialandaeta: ¬°VOTEMOS POR LA HERMANA FRANCISCA!, ¬øQui√©n de ellas merece estar entre Las 25 Mujeres M√°s Poderosas? http://t.co/ElcE ...|es|1|False|null|False|0|False|2012-08-24 02:34:38|http://noticiaaldia.com/2012/08/votemos-por-la-hermana-francisca-quien-de-ellas-merece-estar-entre-las-25-mujeres-mas-poderosas/|525410477|mundolightvzla|None|http://pbs.twimg.com/profile_images/1898827680/logo_mundo_light_normal.png|None|None|None|None|None
200304785671467008|200304785671467008|Twitter for Websites|null|null|Haz dieta sin parar el pico http://t.co/ypyEiHlV|es|0|False|null|False|0|False|2012-05-09 19:22:37|http://shar.es/2x2IG|525410477|mundolightvzla|None|http://pbs.twimg.com/profile_images/1898827680/logo_mundo_light_normal.png|None|None|None|None|None
200304413758337024|200304413758337024|Twitter Web Client|null|null|RT @la_patilla: En Gaceta crean Programa Nacional de Formaci√≥n en Nutrici√≥n y Diet√©tica http://t.co/yE2QrM8O|es|5|False|null|False|0|False|2012-05-09 19:21:08|http://patil.la/J47vLx|525410477|mundolightvzla|None|http://pbs.twimg.com/profile_images/1898827680/logo_mundo_light_normal.png|None|None|None|None|None
200304251380043776|200304251380043776|Twitter Web Client|null|null|RT @ElUniversal: #EU103 / Una adecuada nutrici√≥n desde beb√©s es esencial para mantener los huesos fuertes y sanos http://t.co/ErG8vRjJ|es|5|False|null|False|0|False|2012-05-09 19:20:29|http://ow.ly/aMJh5|525410477|mundolightvzla|None|http://pbs.twimg.com/profile_images/1898827680/logo_mundo_light_normal.png|None|None|None|None|None
200303823284224000|200303823284224000|Twitter Web Client|null|null|Recomiendo ver el videochat de la Dra. Alzuru sobre nutrici√≥n http://t.co/qAj1r0q3 @ElUniversal|es|0|False|null|False|0|False|2012-05-09 19:18:47|http://ow.ly/aNBFZ|525410477|mundolightvzla|None|http://pbs.twimg.com/profile_images/1898827680/logo_mundo_light_normal.png|None|None|None|None|None
200303067822952448|200303067822952448|Twitter Web Client|null|null|RT @esteticaysalud: Una dieta adecuada para combatir la ansiedad debe incluir alimentos naturales con propiedades antioxidantes q conten ...|es|14|False|null|False|0|False|2012-05-09 19:15:4|525410477|mundolightvzla|None|http://pbs.twimg.com/profile_images/1898827680/logo_mundo_light_normal.png|None|None|None|None|None
200303019626209280|200303019626209280|Twitter Web Client|null|null|RT @esteticaysalud: No hagas varias cosas a la vez, si√©ntate a comer a la mesa con calma http://t.co/UpqKybB7|es|4|False|null|False|0|False|2012-05-09 19:15:35|http://ow.ly/aO2b6|525410477|mundolightvzla|None|http://pbs.twimg.com/profile_images/1898827680/logo_mundo_light_normal.png|None|None|None|None|None
198160211465355264|198160211465355264|Twitter Web Client|null|null|Declar√°n de inter√©s nacional Semana del Cel√≠aco - http://t.co/3Uu7dxb0|es|0|False|null|False|0|False|2012-05-03 21:20:50|http://ow.ly/aG73o|525410477|mundolightvzla|None|http://pbs.twimg.com/profile_images/1898827680/logo_mundo_light_normal.png|None|None|None|None|None
198159772451733504|198159772451733504|Twitter Web Client|null|null|RT @UAPPOVzla: EL TRATAMIENTO PSICOL√ìGICO DEL EXCESO DE PESO http://t.co/ndUE907j|es|2|False|null|False|0|False|2012-05-03 21:19:06|http://ow.ly/aByWw|525410477|mundolightvzla|None|http://pbs.twimg.com/profile_images/1898827680/logo_mundo_light_normal.png|None|None|None|None|None
#salud
512673971896987648|512673971896987648|Twitter for iPhone|null|null|RT @muyenforma: ¬øSabes qu√© es la coenzima Q10 y qu√© alimentos la incluyen? ‚ûú http://t.co/VLfjA8qcc4 #salud http://t.co/My38iJjG01|es|12|False|null|False|0|False|2014-09-18 18:46:14|http://muyenforma.com/que-es-la-coenzima-q10.html|2761391374|gar_pichu|None|http://pbs.twimg.com/profile_images/507571170661511168/g5EhcD6c_normal.jpeg|None|None|None|None|None
512673954821967872|512673954821967872|Instagram|null|null|#InstaSize llego el momento de tomar lo tra√≠do del Valle del Elqui :) #pisco #salud http://t.co/Kk8SutEoea|es|0|False|null|False|0|False|2014-09-18 18:46:10|http://instagram.com/p/tGO_LEPa2D/|159329201|Maktub04|None|http://pbs.twimg.com/profile_images/505213806063390720/V7PgoOIo_normal.jpeg|None|None|None|None|None
512673874774081536|512673874774081536|Tweet Old Post|null|null|¬°Cuidado! Diabetes, hipertensi√≥n y tabaco aumentan el riesgo de demencia http://t.co/PiSxX8vtuY
 #Salud|es|0|False|null|False|0|False|2014-09-18 18:45:51|http://bit.ly/1pkwzSl|290395312|periodicovzlano|http://t.co/cXVkobhUq9|http://pbs.twimg.com/profile_images/423817762121580544/uoHmoD-z_normal.jpeg|None|None|None|None|None
512673864451891200|512673864451891200|Twitter Web Client|null|null|#LaCimaTips Al ingerir con frecuencia soya reducir√°s los trigliceridos, el colesterol y fortalecer√°s el coraz√≥n #Salud|es|0|False|null|False|0|False|2014-09-18 18:45:4|143664172|LaCima96|http://t.co/QWBjIyeDp4|http://pbs.twimg.com/profile_images/378800000285018210/fb5db63aa6a29cc36d7d3a5922e601c1_normal.jpeg|None|None|None|None|None
512673839159844864|512673839159844864|twitterfeed|null|null|#Salud No limites tus movimientos por miedo al dolor de espalda http://t.co/gh7IG3QEjJ|es|0|False|null|False|0|False|2014-09-18 18:45:42|http://bit.ly/1mgXHan|64431434|thaialexandra|http://t.co/9gDZfcJ1Fa|http://pbs.twimg.com/profile_images/486610087973101568/bluXgyyq_normal.png|None|None|None|None|None
512673831572754432|512673831572754432|IFTTT|null|null|Race the tube, ¬øeres m√°s r√°pido que el metro? Este runner s√≠ lo es http://t.co/4sSHeDf3qA #Salud|es|0|False|null|False|0|False|2014-09-18 18:45:41|http://ift.tt/1u4kqJ0|62680870|juanjprince|http://t.co/3sn7IzNHQq|http://pbs.twimg.com/profile_images/3365211462/676136652cc5e712fe2a86e659cb0f38_normal.jpeg|None|None|None|None|None
512673824815722496|512673824815722496|IFTTT|null|null|Desgranamos los motivos por los que engordamos al dejar de fumar http://t.co/H1ia7TcTM4 #Salud|es|0|False|null|False|0|False|2014-09-18 18:45:39|http://ift.tt/1toYwOZ|62680870|juanjprince|http://t.co/3sn7IzNHQq|http://pbs.twimg.com/profile_images/3365211462/676136652cc5e712fe2a86e659cb0f38_normal.jpeg|None|None|None|None|None
512673682376781825|512673682376781825|Twitter Web Client|null|null|VIVA CHILE MIERDA!!!! LOS QUIERO A TODOS &lt;3 #FiestasPatrias #Friends #Copete #Salud #PartyChilensisTikitikiti http://t.co/Una88qWdvR|es|0|False|null|False|1|False|2014-09-18 18:45:0|2173028899|tu_pree|http://t.co/LvWGdSBRP3|http://pbs.twimg.com/profile_images/509746702400495616/uGewqolD_normal.jpeg|None|None|None|None|None
512673594078683136|512673594078683136|Twitter for Android|null|null|RT @redaccionmedica: La #varicela roza en ocho meses todos los contagios del a√±o pasado  http://t.co/ESzhNc8vJO #vacunas #virus #sanidad #s‚Ä¶|es|4|False|null|False|0|False|2014-09-18 18:44:44|http://www.redaccionmedica.com/noticia/la-varicela-supera-ya-el-90-de-los-casos-de-todo-2013-5602|143429864|paula7737|None|http://pbs.twimg.com/profile_images/378800000647555512/69fd691dc53dc65eed1d55b5a9bcf411_normal.jpeg|None|None|None|None|None
512673557990494208|512673557990494208|Twitter for iPhone|null|null|RT @PharmatechRD: 5 #infecciones que se pueden adquirir a trav√©s del vestuario.  #Salud #Medicina #Pielsana http://t.co/OChzfj9YnQ|es|1|False|null|False|0|False|2014-09-18 18:44:35|http://on.fb.me/1sw7FRC|78359424|juandpadua|None|http://pbs.twimg.com/profile_images/418001647663845376/v_7o6yLn_normal.jpeg|None|None|None|None|None
#dieta
512673816997150721|512673816997150721|IFTTT|null|null|Como #HacerLaCompra cuando est√°s a #Dieta http://t.co/X0npwf920z #OCU|es|0|False|null|False|0|False|2014-09-18 18:45:37|http://bit.ly/CompraDieta|1436770610|hiperdirect1|http://t.co/cveGEUZfMb|http://pbs.twimg.com/profile_images/378800000044032031/1fcf42b8e18e5c7a6bc585e669de3d79_normal.jpeg|None|None|None|None|None
512671759422615552|512671759422615552|Instagram|null|null|Para cenar fajitas lights para toda la familia! #dieta  #healthylive http://t.co/A6oAFqLIqn|es|0|False|null|False|0|False|2014-09-18 18:37:27|http://instagram.com/p/tGN_Qxv5rQ/|141664191|Maka_91|None|http://pbs.twimg.com/profile_images/411846963848437760/3EN98bh4_normal.jpeg|None|None|None|None|None
512671098992087040|512671098992087040|TweetAdder v4|null|null|Es dificil hacer #dieta pero si recibes alimentos apetitosos a la vista y al paladar, resultara una gran experiencia. Contacta a @DietasEc|es|0|False|null|False|0|False|2014-09-18 18:34:4|425410460|guayacofarrero|None|http://pbs.twimg.com/profile_images/487633030753034240/BqWD2AMl_normal.jpeg|None|None|None|None|None
512670875343396864|512670875343396864|Twitter for iPhone|null|null|RT @PirataBoss7: Poco a poco... #Dieta #Gym #WorkOut #Casi4KgYa #1MesYAlgoMas @jonli_fitness √âl s√≠ que sabe! üòâüòâ http://t.co/e5BajMLXWm|es|1|False|null|False|0|False|2014-09-18 18:33:56|http://instagram.com/p/tGK2z4kiOU/|1085837520|JonLi_Fitness|None|http://pbs.twimg.com/profile_images/499885503039422464/30cKz9C__normal.jpeg|None|None|None|None|None
512670822100893696|512670822100893696|Hootsuite|null|null|¬øSab√≠as que una forma de controlar tu peso es con complementos alimenticios que proporcionan una ayuda √≥ptima en tu #dieta? #nutrici√≥n|es|0|False|null|False|0|False|2014-09-18 18:33:4|2377695434|cck_pharma|None|http://pbs.twimg.com/profile_images/443680510460432384/OZOdlsSO_normal.jpeg|None|None|None|None|None
512670744393056256|512670744393056256|Instagram|null|null|Porque sim! 
#gordice #dietamandouumbeijo #dieta #sorvete #ice #docedeleite #amor #haagendazs‚Ä¶ http://t.co/lx6CRldVc0|pt|0|False|null|False|0|False|2014-09-18 18:33:25|http://instagram.com/p/tGNhvjPThQ/|69045432|Vivia_neh|http://t.co/aFpAo0binn|http://pbs.twimg.com/profile_images/482020201748520960/kqRvx0QR_normal.jpeg|None|None|None|None|None
512670583205543936|512670583205543936|Mobile Web (M2)|null|null|primavera y me agarra la desesperacion, #dieta  #resignacion jajaja|es|0|False|null|False|0|False|2014-09-18 18:32:4|2677924658|ALauraRoca|None|http://pbs.twimg.com/profile_images/492402434807848960/wtzunZrV_normal.jpeg|None|None|None|None|None
512670486082244608|512670486082244608|Instagram|null|null|Meu almo√ßo vidaleve_dietasinteligentes de hoje teve strogonof üòã

#dieta #alimenacaosaudavel‚Ä¶ http://t.co/vN905aL8RE|pt|0|False|null|False|0|False|2014-09-18 18:32:23|http://instagram.com/p/tGNaLknvnB/|69646971|llorbiete|None|http://pbs.twimg.com/profile_images/489649968928411649/mDR8rwee_normal.jpeg|None|None|None|None|None
512670020959080448|512670020959080448|Botize|null|null|coachdefitness: Ayer en dando charla de #wellness 
empresarial en Corporativo 111, Polanco
#dieta #ejercicio #salud|es|0|False|null|False|0|False|2014-09-18 18:30:3|2724768504|labelaflores|None|http://pbs.twimg.com/profile_images/498988078250217472/wkeZPf59_normal.jpeg|None|None|None|None|None
512669979293257728|512669979293257728|Buffer|null|null|Magiczne W≈Ça≈õciwo≈õci Cynamonu - Przygotowania do Jesieni http://t.co/nl3NQ7VRRW #Zdrowie #Dieta #Cynamon|pl|0|False|null|False|0|False|2014-09-18 18:30:22|http://bit.ly/1ydeiRo|1495239836|WorldOfOrientPL|None|http://pbs.twimg.com/profile_images/449490674857963521/qyqd0jmS_normal.jpeg|None|None|None|None|None
